,Output_upper,Output_lower,Input,RANK,TOTAL
0,EPISODE,episode,"exalted, preteen, impeded, salient, outcast, drifter, esquire",2863,7
1,CERTAIN,certain,"comcast, entitle, rotting, teeming, annular, impeded, nonstop",577,7
2,INVADER,invader,"invades, nodding, vertigo, arbiter, dragnet, empress, remakes",10025,7
3,PERFORM,perform,"panache, eyeless, retrain, fibrous, orchids, redness, maestro",954,7
5,THEATER,theater,"tenancy, hinting, excised, abscond, tonnage, excused, royally",1540,7
7,CORRECT,correct,"crevice, october, respite, revolve, excites, chalice, theresa",1804,7
8,LITERAL,literal,"layover, invades, tequila, elation, retinal, abiding, lawless",7842,7
9,OUTPOST,outpost,"oratory, unquote, tilting, pelagic, orchids, saddest, teeming",9411,7
10,COMPACT,compact,"copilot, opulent, maestro, padlock, abiding, cupcake, trashed",6286,7
12,ARCHIVE,archive,"acetone, racists, cohabit, heather, impound, voiding, expanse",6608,7
13,FUNERAL,funeral,"fibrous, utopian, nitrate, estrada, riotous, abiding, loathed",2902,7
14,FOREVER,forever,"freemen, opulent, regalia, emerald, vertigo, empress, retrace",2093,7
15,COLLECT,collect,"cracker, outlast, lasagna, looting, excites, carpool, trundle",1322,7
16,DEPOSIT,deposit,"dracula, evicted, paragon, orlando, strayed, infidel, trundle",4736,7
17,CLICKER,clicker,"cheater, lenient, ignoble, comrade, knuckle, expunge, rummage",29271,7
19,MEASURE,measure,"manhood, equated, animism, synapse, untruth, redress, erasing",942,7
22,CLIMATE,climate,"cadaver, leashed, impious, manhood, acutely, twister, emerald",2115,7
23,PASSION,passion,"perched, ascetic, scrappy, spyware, infidel, onshore, nodding",2297,7
24,CENTRAL,central,"chateau, endgame, nascent, thrifty, relapse, alabama, looters",743,7
25,DEPOSIT,deposit,"devalue, evoking, pirated, outlast, spyware, insular, trashed",4736,7
26,TEACHER,teacher,"tenancy, elation, aqueous, chopper, hillary, expunge, robbing",371,7
27,APPLIED,applied,"aquifer, penance, palazzo, lampoon, infidel, earthen, dearest",6546,7
28,PERSONA,persona,"padlock, equinox, roaster, subtext, octopus, nonstop, amiable",7655,7
29,REALTOR,realtor,"robbers, erasing, archery, leakers, thumper, october, respite",19866,7
30,MEASURE,measure,"moaning, expunge, audited, strayed, unbound, roaster, edifice",942,7
31,USELESS,useless,"unquote, skyward, excused, liturgy, estrada, scruffy, sayings",5727,7
32,TRANSIT,transit,"throngs, rigging, audited, nonstop, scruple, impound, taunted",4906,7
33,UNIFIED,unified,"untruth, nonstop, infidel, ferrous, impasse, excites, dearest",7395,7
35,ENDLESS,endless,"eyeless, nonstop, devious, limping, echelon, synapse, stooped",3750,7
36,REVERSE,reverse,"robbers, elation, voiding, elation, retrain, sunburn, evicted",3521,7
37,CONCORD,concord,"cobwebs, octopus, negated, curried, origami, reprise, duopoly",30240,7
38,CHILLED,chilled,"curtail, heinous, invades, leakers, liturgy, expanse, dearest",12264,7
40,CONCERT,concert,"cloaked, orlando, nitrate, cranked, evoking, ramming, truffle",2531,7
42,ETHICAL,ethical,"expunge, torsion, hoarded, impetus, cacique, amorous, lovable",3477,7
43,RESTORE,restore,"reaping, echelon, sayings, taunted, odyssey, restful, enabler",2559,7
44,OPERATE,operate,"origami, pinball, ennoble, regroup, audited, twinkle, esquire",1313,7
45,HERSELF,herself,"heretic, expanse, retrace, sayings, edifice, lamprey, finicky",792,7
46,REFUSED,refused,"rubicon, evoking, favours, upstate, surmise, enabler, devalue",51406,7
48,COLLECT,collect,"carpool, orifice, leaping, loathed, ennoble, cheater, trashed",1322,7
49,ROMANCE,romance,"rubicon, octopus, marquis, affixed, nitrate, chipped, emerald",4047,7
50,CREATOR,creator,"calgary, remnant, erasing, acetone, tidbits, orchids, refocus",5138,7
51,ANCIENT,ancient,"alimony, newness, cougars, ignoble, evicted, negated, twister",1827,7
52,PARTIAL,partial,"panacea, ascetic, robocop, tenancy, impious, alimony, lagging",4588,7
53,CERTAIN,certain,"comcast, erasing, rubicon, trashed, animism, insular, nitrate",577,7
54,PARTIAL,partial,"pitfall, aplenty, retinal, thrills, ignoble, abscond, loathed",4588,7
55,DELETED,deleted,"duopoly, enabler, lenient, erasing, trident, equated, dueling",29897,7
56,DEFENSE,defense,"deposed, envious, finnish, epistle, nitrate, synapse, estrada",657,7
57,CHILLED,chilled,"chateau, heaving, incited, lamprey, lampoon, expunge, devious",12264,7
59,CLICKER,clicker,"couched, livable, impound, comcast, knuckle, emerald, rebecca",29271,7
60,ANCIENT,ancient,"arizona, negated, chipped, invader, equator, nonstop, taunted",1827,7
61,CONCORD,concord,"chalice, october, negated, copilot, odyssey, raisins, drifter",30240,7
62,NEAREST,nearest,"nascent, envious, audited, requiem, eyeless, sayings, trundle",5815,7
63,SCANNER,scanner,"savaged, clinton, annuity, negated, negated, endgame, reissue",8335,7
65,PRESSED,pressed,"peridot, robocop, expunge, skyward, sunsets, estrada, devious",20411,7
66,REALTOR,realtor,"remakes, estrada, awfully, leashed, turkish, outcast, remakes",19866,7
67,CENTRAL,central,"conning, erasing, nomadic, tilting, revolve, affable, luckier",743,7
69,COVERED,covered,"comcast, outcast, voiding, evoking, replete, enclose, drifter",9415,7
71,REALTOR,realtor,"repress, equator, alaskan, looting, tabloid, orifice, robbers",19866,7
72,DISMISS,dismiss,"dracula, invades, skyward, misfits, invader, strayed, somalia",2819,7
74,PERFORM,perform,"padlock, eyesore, repress, fulsome, outcast, remakes, moaning",954,7
76,OPTIMUM,optimum,"origami, potable, tabloid, invader, misread, upstart, misread",11302,7
77,REALTOR,realtor,"rummage, eyeless, abalone, leaping, tabloid, octopus, retread",19866,7
78,PARTIAL,partial,"precept, acreage, rotting, tickled, insular, archery, loathed",4588,7
79,ETHICAL,ethical,"evoking, terrify, hogwash, invader, coining, aimless, leakers",3477,7
80,ROMANCE,romance,"retread, october, moaning, aplenty, nitrate, calgary, erasing",4047,7
81,FUNERAL,funeral,"fluency, upstate, negated, eyesore, remnant, abalone, leakers",2902,7
82,SCRATCH,scratch,"spyware, citadel, rebecca, amiable, turnkey, carpool, heretic",4688,7
84,SHATTER,shatter,"spyware, heretic, alabama, trident, trundle, elation, redwood",5515,7
85,SENATOR,senator,"steamed, excised, nitrate, aquifer, thumper, october, retrain",2786,7
86,DISCORD,discord,"duopoly, ignoble, salient, coexist, orlando, robbers, dweller",15305,7
87,INSTANT,instant,"infidel, nodding, sayings, trample, archaic, nonstop, trident",4493,7
89,AUCTION,auction,"ageless, utopian, citadel, tequila, impound, odyssey, nonstop",4676,7
90,PRINTED,printed,"pigskin, ramming, infidel, nonstop, tenable, eyesore, deposed",7234,7
91,RESTART,restart,"reviled, evading, schwarz, thrills, ascetic, revolve, typhoon",13427,7
92,OUTPOST,outpost,"odyssey, unquote, teeming, policed, odyssey, sermons, twister",9411,7
93,RESPOND,respond,"revolve, edifice, scrappy, panicky, outlast, negated, drizzle",921,7
94,RESTORE,restore,"regency, entitle, shrinks, twister, october, revolve, echelon",2559,7
95,OPTIMUM,optimum,"orlando, paragon, trample, infidel, macrame, upstart, maestro",11302,7
96,CORRECT,correct,"cupcake, october, refuges, redress, expanse, curtail, truffle",1804,7
97,MONARCH,monarch,"milking, oblique, newness, acetone, requiem, couched, heaping",8806,7
99,ANCIENT,ancient,"affront, newness, colgate, invader, envious, nascent, thrifty",1827,7
100,SNAPPED,snapped,"subtext, nascent, airless, pipette, payback, envious, dragnet",46794,7
101,OUTCOME,outcome,"outcast, unbound, tenable, cameron, onetime, marries, evicted",1756,7
102,ARMORED,armored,"aladdin, restful, macrame, overuse, ranting, expanse, devalue",8385,7
104,INSTANT,instant,"impound, newness, strayed, twinkle, annuity, negated, teeming",4493,7
105,STOPPED,stopped,"splurge, typhoon, origami, pitfall, panther, equinox, devalue",20580,7
106,ANOTHER,another,"amorous, nodding, outcast, thumper, heaving, eyesore, rooster",145,7
107,CREATOR,creator,"cranium, remnant, excised, alimony, trample, onetime, reviled",5138,7
109,CLICKER,clicker,"chateau, liberte, incited, carping, knuckle, equator, reissue",29271,7
110,TRIDENT,trident,"torsion, retread, impious, devalue, entitle, nomadic, taunted",38347,7
111,SKILLED,skilled,"surfeit, knuckle, impeded, loaning, lampoon, endgame, drifter",4951,7
112,TRAPPER,trapper,"tabloid, remakes, annular, prelude, peridot, earthen, remakes",16509,7
113,TEACHER,teacher,"tickled, emblems, annuity, cupcake, hostess, emblems, robocop",371,7
114,CLIMATE,climate,"comrade, leakers, invader, maestro, animism, twister, esquire",2115,7
115,USELESS,useless,"upstate, surging, envious, lenient, epistle, saddest, sunburn",5727,7
116,ERRATIC,erratic,"echelon, respite, redwood, acutely, turnkey, infidel, coining",10898,7
117,ERRATIC,erratic,"equator, reviled, royally, animism, tempest, incense, clinton",10898,7
118,SCIENCE,science,"schwarz, chalice, impious, evicted, newness, cranked, evading",890,7
119,SENATOR,senator,"sayings, empress, nodding, abscond, truffle, onshore, rebecca",2786,7
120,REVERSE,reverse,"relapse, esquire, varsity, estrada, retrace, scrappy, equated",3521,7
121,MISSILE,missile,"marilyn, impound, surfeit, somalia, insular, lenient, equinox",2382,7
122,SURFACE,surface,"scruffy, utopian, reissue, fulsome, attuned, copilot, elation",1016,7
123,CLIMATE,climate,"comrade, lovable, impetus, malaise, aquifer, trample, envious",2115,7
124,REFLECT,reflect,"regency, excised, fanfare, lampoon, endgame, cloaked, trinity",1005,7
126,ENCHANT,enchant,"erasing, nitrate, copilot, hapless, attuned, nitrate, tempest",18291,7
127,HIPSTER,hipster,"howling, impasse, panther, subzero, tidbits, equator, reaping",21744,7
128,RETREAT,retreat,"riskier, expanse, trinity, reprise, eyeless, aquifer, trident",4832,7
129,RECLAIM,reclaim,"refuges, empress, cupcake, looters, aqueous, incited, melodic",7576,7
130,PROTECT,protect,"prequel, respite, orifice, torched, evicted, cutback, trinity",749,7
131,TRAPPER,trapper,"throngs, reaping, aimless, payback, pelagic, empress, robbing",16509,7
132,PARTIAL,partial,"pitiful, anarchy, relapse, trooper, impetus, ageless, legions",4588,7
133,SCIENCE,science,"savaged, citadel, incited, expunge, nitrate, calvary, enabler",890,7
134,DISPUTE,dispute,"deposed, impious, sunsets, padlock, upstart, termite, expunge",2721,7
136,NEITHER,neither,"nodding, enclose, impeded, tenured, hapless, evoking, replete",1800,7
137,DISPUTE,dispute,"drizzle, incited, sinners, pitiful, unspent, termite, enclose",2721,7
138,POPULAR,popular,"penance, octopus, pirated, unspent, lampoon, ascetic, retrace",925,7
139,SENATOR,senator,"salient, enclose, newness, ageless, thrills, orifice, riotous",2786,7
140,DISCORD,discord,"drifter, impasse, spyware, cadaver, origami, robbing, devious",15305,7
141,TOASTER,toaster,"truffle, odyssey, agonize, shrinks, tequila, expunge, refuges",15535,7
144,ATTRACT,attract,"audited, tabloid, tempest, reentry, abscond, cheater, trident",1877,7
145,NEAREST,nearest,"nascent, excised, acetone, regroup, edifice, saddest, tenancy",5815,7
146,TEACHER,teacher,"trinity, emblems, audited, cowgirl, hideous, equated, repress",371,7
147,RESPECT,respect,"racists, exalted, salting, panicky, excused, cadmium, trident",1559,7
148,THEATER,theater,"trinity, hideout, estrada, affable, thumper, ennoble, remnant",1540,7
150,ERRATIC,erratic,"echelon, racists, regency, annuity, trample, ignoble, clotted",10898,7
151,DELETED,deleted,"duopoly, empress, livable, endgame, trashed, excused, duopoly",29897,7
152,DISCARD,discard,"drizzle, invader, sunburn, comcast, aladdin, redwood, dragnet",5476,7
153,OUTPOST,outpost,"onshore, utopian, tabling, penance, orifice, shrinks, termite",9411,7
154,CARRIER,carrier,"coining, appease, reddish, repress, invader, enclose, robocop",3292,7
155,LITERAL,literal,"lamprey, insular, turnkey, esquire, realist, acetone, luckier",7842,7
156,TEACHER,teacher,"trinity, equated, affable, coining, hooking, exalted, retrace",371,7
157,ACTRESS,actress,"attuned, curbing, teeming, rigging, epistle, scrappy, sunsets",3257,7
158,PATTERN,pattern,"policed, ageless, termite, tickled, eyesore, robocop, nomadic",1018,7
159,HERSELF,herself,"heaping, expunge, realist, subtext, enabler, liquors, fulsome",792,7
161,PRINTED,printed,"parrots, rotting, infidel, nascent, trudeau, ennoble, drifter",7234,7
162,MONSTER,monster,"manatee, outcast, nodding, surfeit, turkeys, enclose, rebecca",3591,7
163,RECLAIM,reclaim,"reissue, equator, coldest, lockout, agonize, incited, maestro",7576,7
166,PROTECT,protect,"palaces, requiem, oratory, thrifty, endgame, carping, tribune",749,7
167,PROCEED,proceed,"prepped, regency, october, carping, endgame, endgame, deposed",2713,7
168,ARCHIVE,archive,"agonize, reissue, calgary, hoarded, incited, varsity, edifice",6608,7
169,UNIFORM,uniform,"unbound, nodding, impetus, foxhole, opulent, ramming, moaning",3062,7
170,OPTIMAL,optimal,"onshore, paladin, trinity, incense, misfits, amnesia, latinos",7110,7
171,DEPOSIT,deposit,"drifter, evoking, petting, orchard, sunburn, impetus, trinity",4736,7
172,ETHICAL,ethical,"esquire, tabling, hogwash, incited, cowards, aquifer, lovable",3477,7
173,CENTRAL,central,"cranked, ennoble, newness, thumper, regalia, annular, lenient",743,7
174,PASSION,passion,"parrots, acutely, schwarz, strayed, insular, outcast, nonstop",2297,7
175,COMPACT,compact,"cobwebs, octopus, marries, palazzo, archery, crevice, termite",6286,7
176,FASTEST,fastest,"fulsome, atheism, samurai, torched, expunge, sermons, trinity",6859,7
177,COLLECT,collect,"colgate, orchard, lagging, liberte, envious, cougars, trudeau",1322,7
178,DRILLED,drilled,"dracula, rotting, ignoble, leashed, looting, echelon, dweller",49895,7
179,FORMULA,formula,"foxhole, oblique, replete, marquis, unspent, lasagna, acetone",3362,7
180,SELFISH,selfish,"subzero, echelon, leaping, fixable, impound, skyward, hogwash",7507,7
182,REDRESS,redress,"robbing, evading, dweller, regroup, erasing, salting, surging",19979,7
184,TEACHER,teacher,"tidbits, evading, affront, curried, hemlock, eyesore, repress",371,7
185,OUTSIDE,outside,"orchids, utopian, taunted, savaged, ignoble, dracula, epistle",810,7
186,ETHICAL,ethical,"excused, tenable, heaping, impeded, capella, anagram, legible",3477,7
187,CERTAIN,certain,"couched, excites, reviled, trident, affixed, impeded, nonstop",577,7
188,ANCIENT,ancient,"aplenty, newness, curtail, incited, excites, nodding, thrills",1827,7
189,INSTANT,instant,"incense, nascent, subzero, teeming, animism, nodding, thumper",4493,7
190,RESTORE,restore,"robbers, extrude, subvert, tilting, outback, rectify, entitle",2559,7
191,FINANCE,finance,"finnish, impious, nitrate, aplenty, nomadic, cloaked, equator",2825,7
192,CENTRAL,central,"chevron, emblems, nomadic, trudeau, royally, amiable, liberte",743,7
193,RESTART,restart,"rigging, elation, strayed, tilting, arbiter, reviled, trinity",13427,7
194,REDRESS,redress,"retread, equated, drifter, ranting, equinox, salient, samurai",19979,7
195,LEFTIST,leftist,"lexicon, enclose, freemen, twinkle, impasse, shrinks, torsion",9293,7
196,PARTIAL,partial,"petting, acetone, reddish, trident, incited, affixed, leftism",4588,7
197,SNAPPED,snapped,"samurai, nomadic, appease, pipette, pirated, empress, dearest",46794,7
199,ROUTINE,routine,"robocop, oratory, upstate, tilting, impeded, nonstop, edifice",2601,7
200,TRAPPED,trapped,"tonnage, robocop, airless, penance, prepped, expunge, drifter",16941,7
201,DELETED,deleted,"dweller, evading, lamprey, excised, thrills, equated, dragnet",29897,7
202,PREVENT,prevent,"perched, retinal, evoking, voiding, eyesore, nodding, teeming",1084,7
203,TRIDENT,trident,"trundle, roaster, incited, drizzle, evicted, nitrate, teeming",38347,7
204,SCRATCH,scratch,"scruffy, cutback, rigging, attuned, tonnage, cranium, hemlock",4688,7
205,MATCHUP,matchup,"monsoon, airhead, truffle, chipped, harpoon, untruth, pelagic",12013,7
206,OPTIMUM,optimum,"outback, prepped, typhoon, impound, milking, ugliest, malcolm",11302,7
207,CHEATER,cheater,"coldest, hillary, envious, annular, tidbits, emerald, royally",19010,7
208,ETHICAL,ethical,"eyeless, tribune, heaving, impious, couched, anarchy, lunging",3477,7
209,RECOVER,recover,"roaster, evading, copilot, overuse, varsity, enclose, robbing",2144,7
212,PROCEED,proceed,"pipette, restful, orchids, copious, ennoble, enclose, drizzle",2713,7
213,TRAPPED,trapped,"torched, repress, anarchy, perched, paladin, erasing, dweller",16941,7
214,CHEATER,cheater,"couched, heroism, expanse, ageless, tickled, evading, replete",19010,7
215,PARTIAL,partial,"policed, abigail, raisins, twister, invades, abiding, lovable",4588,7
216,PREVENT,prevent,"parquet, rotting, enclose, vertigo, epistle, nodding, tenable",1084,7
217,SPECIES,species,"salient, panicky, eyeless, cracker, impound, enabler, scruffy",1142,7
218,RECLAIM,reclaim,"rooster, emerald, comical, lexicon, annular, impasse, megaton",7576,7
219,RESTORE,restore,"rectify, exalted, scrappy, thumper, opulent, repress, exalted",2559,7
220,TEACHER,teacher,"teeming, echelon, abscond, comical, hideous, envious, remakes",371,7
221,CHEATED,cheated,"comcast, herding, evading, amnesia, torched, emerald, deposed",23925,7
222,ANOTHER,another,"avenger, newness, oratory, tempest, howling, esquire, replete",145,7
223,OPTIMAL,optimal,"onetime, panache, tabling, insular, maestro, ageless, leashed",7110,7
224,FICTION,fiction,"fatuous, impetus, calgary, thrifty, impound, octopus, nonstop",2779,7
225,TRIDENT,trident,"turkish, relapse, insular, drifter, evoking, nodding, throngs",38347,7
226,OPTIMUM,optimum,"opulent, purging, torched, insular, matador, unquote, megaton",11302,7
227,ATTRACT,attract,"asunder, taunted, tonnage, rooster, affront, crumble, tequila",1877,7
228,MODULAR,modular,"manhunt, outlast, devious, unquote, leaping, aquifer, retinal",15117,7
229,MONSTER,monster,"moaning, origami, nascent, saddest, taunted, eyesore, replete",3591,7
230,SURFACE,surface,"steamed, utopian, rooster, freeman, amorous, carpool, enabler",1016,7
231,ALTERED,altered,"audited, legible, trooper, erasing, riveted, extrude, dearest",10161,7
232,CHEATED,cheated,"crevice, howling, esquire, agonize, trundle, equated, deposed",23925,7
233,OPERATE,operate,"oratory, paladin, evicted, robbing, annuity, trundle, endgame",1313,7
234,PERFORM,perform,"parades, enabler, roaster, freemen, orchard, repress, moaning",954,7
235,UNCLEAR,unclear,"unquote, newness, cracker, leaping, entitle, arbiter, roaster",5340,7
236,MEDICAL,medical,"manmade, equator, dueling, impeded, comical, awfully, leakers",646,7
237,PASSION,passion,"precept, animism, subzero, subvert, invades, orchids, nitrate",2297,7
238,RADICAL,radical,"reissue, aquifer, drifter, insular, coining, aladdin, looters",2946,7
240,CENTRAL,central,"cacique, enclose, newness, trundle, relapse, arbiter, lunging",743,7
241,MINIMUM,minimum,"marries, infidel, negated, invader, moaning, untruth, mislead",3660,7
243,ARMORED,armored,"aimless, respite, moaning, outcast, regalia, equinox, drifter",8385,7
247,ARRIVAL,arrival,"annuity, respite, ramming, invader, voiding, alaskan, legible",3215,7
248,TRAINER,trainer,"teeming, raisins, aqueous, insular, newness, excused, roaster",4498,7
249,RECLAIM,reclaim,"reprise, enabler, chevron, loathed, affixed, insular, manhole",7576,7
250,AUCTION,auction,"abiding, upstate, couched, tonnage, ignoble, orchard, newness",4676,7
251,NONSTOP,nonstop,"negated, outcast, nonstop, surfeit, trident, oblique, parrots",13675,7
252,REVIVAL,revival,"regroup, epistle, vertigo, impasse, varsity, anagram, liturgy",5477,7
253,HERSELF,herself,"hapless, emerald, retrain, stooped, excites, leftism, freemen",792,7
254,DEPOSIT,deposit,"devalue, expanse, palazzo, opulent, sermons, impetus, trident",4736,7
255,PALETTE,palette,"prelude, amiable, lasagna, echelon, tabloid, termite, evading",7506,7
257,UNCOVER,uncover,"unspent, nitrate, crevice, outback, varsity, evoking, reaping",4472,7
258,NUMERIC,numeric,"newness, unquote, maestro, endgame, refuges, impeded, chateau",23328,7
259,COLLECT,collect,"crybaby, octopus, looting, layover, entitle, capsize, tabloid",1322,7
260,TOPICAL,topical,"trashed, origami, paragon, ignoble, cracker, aplenty, liberte",11875,7
261,OUTCOME,outcome,"outback, unbound, teeming, cowboys, orchard, marquee, emblems",1756,7
262,REFRESH,refresh,"replete, edifice, fibrous, retread, eyeless, sunburn, hoarded",12722,7
263,ARMORED,armored,"avenger, reviled, malaise, october, rebecca, enclose, dracula",8385,7
264,ROUTINE,routine,"ramming, overuse, unquote, twinkle, impound, nascent, endgame",2601,7
266,CHILLED,chilled,"cranked, heaping, ignoble, lexicon, leaping, evicted, deposed",12264,7
268,MINIMAL,minimal,"maestro, ignoble, nonstop, impious, moaning, atheism, lovable",4351,7
270,SECONDS,seconds,"scruple, epistle, couched, orifice, newness, dueling, stooped",23546,7
271,DRILLED,drilled,"dueling, remnant, incense, lovable, livable, elation, drifter",49895,7
273,COMPASS,compass,"carping, onetime, minivan, prequel, awfully, synapse, strayed",8103,7
274,CONTEST,contest,"coexist, october, nascent, tabling, erasing, subtext, tabling",3081,7
275,NEAREST,nearest,"nodding, extrude, airless, ramming, emblems, sinners, tequila",5815,7
276,ENDLESS,endless,"exalted, nodding, dweller, looting, eyeless, salient, sermons",3750,7
278,MEDICAL,medical,"malaise, equinox, drifter, invader, carpool, airhead, leakers",646,7
280,INSTANT,instant,"infidel, nascent, scruffy, trudeau, aqueous, newness, tabloid",4493,7
281,SNAPPED,snapped,"somalia, nitrate, annuity, potable, peridot, equator, deposed",46794,7
282,RESTART,restart,"reaping, emerald, savaged, taunted, appease, retinal, trident",13427,7
283,LITERAL,literal,"leakers, invader, theresa, emerald, regalia, alabama, loathed",7842,7
284,REALTOR,realtor,"roaster, earthen, archery, looting, thrifty, orlando, retinal",19866,7
285,MONSTER,monster,"misfire, outcast, nodding, skyward, trident, enclose, reentry",3591,7
287,SKILLED,skilled,"stooped, knuckle, impound, lovable, limping, earthen, dearest",4951,7
288,UNCLEAR,unclear,"unbound, newness, cranium, likable, emerald, abalone, reissue",5340,7
289,COLLECT,collect,"chevron, oblique, loaning, lexicon, endgame, cutback, trample",1322,7
290,REVERSE,reverse,"robbing, elation, varsity, expanse, reentry, scruple, extrude",3521,7
291,RESOLVE,resolve,"reddish, echelon, somalia, outlast, liturgy, varsity, extrude",2256,7
292,COMPACT,compact,"coldest, onshore, manatee, prepped, animism, coining, taunted",6286,7
293,NEITHER,neither,"negated, echelon, ignoble, tabling, harpoon, equated, replete",1800,7
294,USELESS,useless,"ugliest, saddest, evoking, lockout, elation, subvert, subtext",5727,7
295,TRAPPER,trapper,"tabloid, rummage, agonize, panache, purging, enclose, revolve",16509,7
296,PERSONA,persona,"panache, edifice, rooster, skyward, orifice, negated, aladdin",7655,7
298,RESTART,restart,"retrace, enclose, samurai, tonnage, aqueous, rummage, taunted",13427,7
299,CONSOLE,console,"crevice, october, nodding, surmise, orchard, lampoon, epistle",9354,7
300,RESTORE,restore,"repress, ennoble, savaged, teeming, overuse, reprise, eyeless",2559,7
301,PALETTE,palette,"potable, aimless, lampoon, empress, truffle, trashed, earthen",7506,7
302,COLLECT,collect,"crumble, outlast, leakers, loathed, equinox, cadmium, trident",1322,7
303,CHEATED,cheated,"cadmium, harpoon, erasing, annular, tempest, elation, dracula",23925,7
305,MEDICAL,medical,"maestro, excused, devalue, incense, cowgirl, acreage, layover",646,7
306,EMOTION,emotion,"elation, malaise, onshore, trudeau, impasse, october, negated",2129,7
307,ATTRACT,attract,"abalone, tempest, tidbits, roaster, atheism, cobwebs, thrills",1877,7
308,MINIMAL,minimal,"midwife, infidel, nascent, impetus, mermaid, affixed, limping",4351,7
309,COVERED,covered,"cadmium, overuse, varsity, erasing, retrain, exalted, dracula",9415,7
311,DELIVER,deliver,"deposed, expunge, looting, incited, varsity, expanse, royally",1292,7
312,ETHICAL,ethical,"enclose, trooper, hemlock, ignoble, coining, aqueous, lifters",3477,7
313,CLIMATE,climate,"crooked, latinos, incited, misfire, airless, typhoon, erasing",2115,7
315,STATION,station,"scruffy, theresa, airless, termite, incense, outlast, nomadic",842,7
316,REVERSE,reverse,"retread, extrude, vertigo, erasing, robocop, samurai, esquire",3521,7
317,DESSERT,dessert,"duopoly, esquire, somalia, samurai, equinox, reissue, trinity",4306,7
318,ANOTHER,another,"arbiter, nitrate, orchids, turnkey, hapless, emerald, regalia",145,7
320,CONCERT,concert,"crumble, opulent, nonstop, crumble, eyeless, reprise, tenancy",2531,7
321,LEATHER,leather,"layover, enclose, airhead, theresa, hangout, expunge, rosebud",2960,7
322,DISTANT,distant,"devious, insular, synapse, teeming, ascetic, nascent, tilting",2646,7
323,NEAREST,nearest,"negated, earthen, airhead, robocop, ennoble, sayings, trample",5815,7
324,REDRESS,redress,"rigging, elation, devious, rosebud, empress, somalia, subvert",19979,7
325,CERTAIN,certain,"chateau, earthen, reaping, trundle, audited, incited, nodding",577,7
326,CREATOR,creator,"curtail, reentry, edifice, airless, thumper, origami, retrain",5138,7
327,PALETTE,palette,"pirated, asunder, livable, eyeless, tenancy, tilting, elation",7506,7
328,DRESSED,dressed,"drizzle, regalia, eyeless, surging, sinners, equator, dweller",23711,7
331,OFFENSE,offense,"october, fanfare, ferrous, entitle, nodding, surging, evoking",2845,7
333,RESOLVE,resolve,"rebecca, expunge, surmise, outlast, legions, vertigo, emerald",2256,7
334,FOREVER,forever,"faceted, outlast, reviled, empress, varsity, equated, ramming",2093,7
336,OPERATE,operate,"oratory, pitiful, epistle, repress, airless, trundle, excised",1313,7
337,CLASSIC,classic,"chateau, livable, affable, steamed, shrinks, ignoble, cracker",2632,7
339,OUTPOST,outpost,"onetime, upstate, torched, pinning, orifice, steamed, throngs",9411,7
340,TOPICAL,topical,"terrify, odyssey, panache, impeded, coining, avenger, leaping",11875,7
342,DISMISS,dismiss,"drizzle, invader, stooped, moaning, impeded, salting, synapse",2819,7
343,APPLIED,applied,"airhead, pitiful, panther, lunging, incited, emblems, drifter",6546,7
344,REALISM,realism,"rubicon, envious, aqueous, liturgy, impeded, subvert, manhole",7289,7
345,CONDUCT,conduct,"chopper, orchids, nonstop, drifter, unspent, curtail, tabloid",1163,7
346,ARRIVAL,arrival,"animism, revolve, repress, incense, voiding, amorous, leakers",3215,7
347,SNAPPER,snapper,"savaged, nomadic, ascetic, pitfall, paragon, excites, roaster",14665,7
348,TOASTER,toaster,"trundle, octopus, archaic, stooped, tabling, esquire, retrace",15535,7
349,FINANCE,finance,"finicky, incense, negated, attuned, newness, chalice, enabler",2825,7
350,PRINTED,printed,"payback, reviled, incense, nascent, trashed, edifice, dracula",7234,7
351,TOPICAL,topical,"teeming, outlast, padlock, insular, cadmium, acetone, leakers",11875,7
352,COLLECT,collect,"curried, opulent, lovable, liturgy, evoking, cowboys, turnkey",1322,7
353,CARRIER,carrier,"capitol, affixed, reaping, robbing, invades, entitle, repress",3292,7
354,RESTORE,restore,"regency, entitle, subvert, twister, octopus, reaping, emblems",2559,7
355,REALISM,realism,"retread, excused, affixed, lacquer, incense, subvert, milking",7289,7
356,UNCLEAR,unclear,"unspent, newness, crumble, limping, emerald, aqueous, retrace",5340,7
358,SHATTER,shatter,"scruffy, hogwash, appease, tenancy, thumper, emerald, redness",5515,7
359,THEATER,theater,"twister, hangout, excites, asunder, tonnage, epistle, regalia",1540,7
360,DISTANT,distant,"duopoly, incense, scruple, trundle, attuned, negated, tenable",2646,7
361,SNAPPED,snapped,"saddest, nascent, airhead, penance, parrots, evoking, dragnet",46794,7
362,TRIDENT,trident,"throngs, reentry, incense, devalue, enclose, negated, trinity",38347,7
364,REALTOR,realtor,"remakes, evading, ageless, liturgy, tribune, outcast, reissue",19866,7
365,SCATTER,scatter,"scruffy, crybaby, aimless, tidbits, tabloid, eyeless, reentry",3783,7
366,STARTER,starter,"scruple, torsion, airhead, royally, turkeys, emerald, rebecca",3983,7
367,PASSION,passion,"puritan, acetone, salient, sunburn, impound, outcast, nitrate",2297,7
368,FASTEST,fastest,"finicky, ascetic, splurge, thumper, entitle, salting, thrifty",6859,7
369,REVERSE,reverse,"repress, emblems, voiding, excused, robbing, sermons, equated",3521,7
370,CONTEST,contest,"clotted, outcast, nonstop, tequila, echelon, synapse, trident",3081,7
371,PALETTE,palette,"purists, affront, lifters, empress, tonnage, torched, enclose",7506,7
372,MINIMAL,minimal,"midwife, ignoble, newness, impasse, manhunt, amnesia, liquors",4351,7
373,PARTNER,partner,"pigskin, aplenty, reaping, taunted, newness, enclose, reentry",1049,7
374,HERSELF,herself,"heinous, ennoble, rebecca, somalia, eyesore, labored, finnish",792,7
375,REALISM,realism,"rosebud, emerald, audited, lexicon, impeded, salient, miranda",7289,7
376,DRILLED,drilled,"duopoly, robbers, infidel, loaning, lagging, elation, duopoly",49895,7
377,DISTORT,distort,"dracula, ignoble, somalia, teeming, octopus, repress, thrifty",6717,7
378,CHILLED,chilled,"cowboys, heinous, impious, lamprey, luckier, excites, drizzle",12264,7
379,STOPPED,stopped,"spyware, torched, onetime, panache, paragon, enclose, deposed",20580,7
380,CLICKER,clicker,"cabaret, labored, impious, carpool, knuckle, erasing, roaster",29271,7
381,TRAPPER,trapper,"teeming, reaping, aqueous, padlock, prepped, equinox, retinal",16509,7
383,PROTEST,protest,"purists, riveted, opulent, torsion, entitle, splurge, thrills",2852,7
384,ANCIENT,ancient,"alabama, nonstop, coining, impious, enclose, nitrate, tenable",1827,7
385,CONSULT,consult,"cowgirl, outback, nitrate, shrinks, upstart, lockout, torsion",3617,7
386,CENTRAL,central,"coexist, esquire, nascent, tempest, rummage, acetone, loathed",743,7
388,STEALTH,stealth,"surfeit, tabling, empress, ascetic, lovable, truffle, heaving",12829,7
389,FOREVER,forever,"fibrous, orifice, respite, edifice, vertigo, expanse, robbing",2093,7
390,APPLIED,applied,"acutely, pelagic, prequel, likable, insular, esquire, dearest",6546,7
392,DISTORT,distort,"dracula, ignoble, steamed, turkish, outback, rigging, terrify",6717,7
393,FOREVER,forever,"figment, orifice, racists, emerald, varsity, evoking, retread",2093,7
394,CLICKER,clicker,"crevice, lacquer, impetus, cobwebs, knuckle, excused, restful",29271,7
395,COLLECT,collect,"cranium, october, labored, liturgy, empress, crumble, torched",1322,7
396,OUTSIDE,outside,"orchard, utopian, trashed, scruffy, impound, deposed, esquire",810,7
397,DECLINE,decline,"dragnet, equinox, clotted, lacquer, insular, newness, evicted",2010,7
398,TOASTER,toaster,"termite, outcast, airless, subzero, thrills, emerald, rooster",15535,7
399,CONTEST,contest,"chevron, outlast, nascent, tabloid, expunge, surmise, tenable",3081,7
400,HERSELF,herself,"heaving, expunge, robbing, stooped, ennoble, leakers, favours",792,7
401,TRAPPED,trapped,"trample, racists, amorous, padlock, pinning, equinox, deposed",16941,7
402,CONFIDE,confide,"curried, orchard, nitrate, finicky, impasse, drizzle, empress",8071,7
403,CARRIER,carrier,"capitol, animism, retrace, replete, impasse, excused, royally",3292,7
404,RESTORE,restore,"revolve, earthen, spyware, torched, overuse, rigging, empress",2559,7
405,PROCEED,proceed,"panache, robocop, odyssey, chipped, eyeless, envious, devalue",2713,7
407,SCRATCH,scratch,"surmise, cougars, robbing, anarchy, tenable, couched, heinous",4688,7
408,RESPOND,respond,"rebecca, eyesore, subvert, pirated, orchard, nodding, dragnet",921,7
409,LITERAL,literal,"looting, impasse, typhoon, expanse, remakes, affable, liquors",7842,7
410,HERSELF,herself,"hangout, earthen, refuges, sinners, excised, leaping, figment",792,7
411,TEACHER,teacher,"tequila, excused, agonize, cameron, heinous, earthen, rooster",371,7
414,LEATHER,leather,"liturgy, expanse, airhead, trident, hostess, evicted, refuges",2960,7
416,CONCORD,concord,"curable, overuse, negated, cowboys, outcast, remnant, dragnet",30240,7
417,PARTIAL,partial,"pelican, annular, regalia, tidbits, impious, abiding, legible",4588,7
418,HOSTILE,hostile,"haywire, orchard, savaged, taunted, impeded, liberte, emblems",4196,7
419,DELETED,deleted,"drizzle, enabler, lacquer, endgame, tabloid, excised, dracula",29897,7
420,PERSONA,persona,"potable, equated, remnant, stooped, orlando, nomadic, aimless",7655,7
421,UNCLEAR,unclear,"upstart, negated, cadaver, likable, estrada, affixed, requiem",5340,7
422,ATHLETE,athlete,"aquifer, tabling, hinting, leaping, emerald, tidbits, enclose",1605,7
423,COLLECT,collect,"cowboys, onetime, loathed, lamprey, enabler, citadel, trample",1322,7
424,TRAPPER,trapper,"torched, rummage, affixed, prequel, precept, expunge, refuges",16509,7
425,PRESSED,pressed,"pirated, revolve, excised, savaged, somalia, estrada, duopoly",20411,7
426,RETREAT,retreat,"refuges, excused, teeming, rummage, evicted, amnesia, tabloid",4832,7
427,STATION,station,"subvert, torched, atheism, truffle, impeded, origami, nitrate",842,7
428,REALTOR,realtor,"redress, expanse, archery, leakers, thrills, onshore, reviled",19866,7
429,CREATOR,creator,"chopper, royally, envious, abscond, truffle, odyssey, rebecca",5138,7
430,LEATHER,leather,"lacquer, erasing, appease, trident, haughty, eyeless, rummage",2960,7
431,APPLIED,applied,"aladdin, penance, padlock, livable, insular, evading, devious",6546,7
432,SKILLED,skilled,"schwarz, knuckle, infidel, likable, layover, edifice, drifter",4951,7
433,ACTRESS,actress,"alaskan, cowlick, tickled, riskier, equated, surfeit, somalia",3257,7
434,OPTIMAL,optimal,"origami, palaces, thrifty, incited, mermaid, airhead, lenient",7110,7
436,SCATTER,scatter,"subvert, chanted, appease, tenable, tempest, endgame, retrain",3783,7
437,RESPOND,respond,"reaping, eyesore, schwarz, prepped, outlast, nitrate, drizzle",921,7
438,CORRECT,correct,"curbing, octopus, rummage, ranting, earthen, capella, trample",1804,7
439,NEITHER,neither,"nascent, earthen, impious, tabloid, hoarded, excites, reddish",1800,7
441,DELETED,deleted,"dueling, echelon, lapsing, expunge, tribune, esquire, dragnet",29897,7
442,MONITOR,monitor,"maestro, outcast, nonstop, impound, tempest, overuse, rooster",2364,7
443,SHATTER,shatter,"scrappy, hoarded, arbiter, trident, turkish, excites, realist",5515,7
444,HOSTILE,hostile,"hemlock, opulent, samurai, trudeau, incense, lexicon, empress",4196,7
445,SCATTER,scatter,"surfeit, cohabit, airless, tempest, theresa, edifice, robbing",3783,7
446,CHEATED,cheated,"cranium, haughty, estrada, appease, trundle, empress, dweller",23925,7
447,ANCIENT,ancient,"airless, negated, chipped, ignoble, expunge, nodding, trample",1827,7
448,LEATHER,leather,"lagging, enabler, affront, twister, hooking, emerald, retrace",2960,7
449,ROMANCE,romance,"rotting, october, maestro, ascetic, nomadic, clinton, expunge",4047,7
450,TRANSIT,transit,"tempest, racists, aquifer, nomadic, stooped, insular, tempest",4906,7
452,CLUSTER,cluster,"cameron, lovable, utopian, sunburn, theresa, esquire, reprise",3221,7
453,MONSTER,monster,"maestro, orifice, nodding, sermons, trample, echelon, restful",3591,7
454,PERSONA,persona,"pirated, eyesore, raisins, scruffy, orchids, nitrate, abigail",7655,7
456,ATHLETE,athlete,"aimless, throngs, hideout, looters, esquire, throngs, erasing",1605,7
457,RESTORE,restore,"ramming, enabler, surfeit, tilting, overuse, robbing, entitle",2559,7
458,DISTANT,distant,"dueling, impious, scruple, tenancy, acetone, nodding, trashed",2646,7
459,ETHICAL,ethical,"entitle, tempest, heaping, invader, cowgirl, abigail, loathed",3477,7
460,MISSILE,missile,"morocco, insular, surging, salting, ignoble, likable, echelon",2382,7
461,SHATTER,shatter,"steamed, heinous, acreage, trashed, tilting, elation, robbers",5515,7
462,ATTRACT,attract,"aimless, thrills, trashed, retrain, audited, coining, tenancy",1877,7
463,CHILLED,chilled,"cabaret, hapless, incense, loathed, leftism, equated, dearest",12264,7
464,FORMULA,formula,"favours, outback, regalia, merrier, unspent, lapsing, animism",3362,7
465,RESPOND,respond,"roaster, expunge, skyward, precept, outlast, nonstop, dearest",921,7
466,PROCEED,proceed,"peridot, riveted, opulent, comrade, extrude, exalted, dearest",2713,7
467,SNAPPED,snapped,"shrinks, nonstop, aquifer, padlock, prelude, exalted, drizzle",46794,7
469,RECLAIM,reclaim,"respite, edifice, cowgirl, liturgy, airhead, impious, moaning",7576,7
470,PERSIST,persist,"palazzo, eyeless, rosebud, surging, impious, sunburn, trundle",4390,7
473,NEAREST,nearest,"nonstop, esquire, arbiter, riotous, enabler, scruffy, tempest",5815,7
475,PARTIAL,partial,"parades, ascetic, redwood, trashed, impeded, awfully, looting",4588,7
476,TRAPPED,trapped,"turkeys, rubicon, airless, pelican, panicky, ennoble, duopoly",16941,7
477,RETREAT,retreat,"regalia, estrada, twinkle, reddish, edifice, archaic, trundle",4832,7
478,USELESS,useless,"ugliest, sunburn, entitle, latinos, expunge, surmise, sunsets",5727,7
479,PARTIAL,partial,"precept, abigail, racists, trashed, impeded, anagram, livable",4588,7
481,RESOLVE,resolve,"rectify, extrude, surmise, outlast, lifters, vertigo, equated",2256,7
482,SENATOR,senator,"scruple, echelon, nitrate, aplenty, tribune, outback, royally",2786,7
483,OFFENSE,offense,"oratory, freemen, freemen, extrude, newness, subvert, emblems",2845,7
487,SCRATCH,scratch,"savaged, calgary, robbing, archery, turkeys, capella, hoarded",4688,7
488,TOASTER,toaster,"trashed, october, appease, sinners, trooper, edifice, refocus",15535,7
489,INTENSE,intense,"invades, nomadic, trample, eyesore, nitrate, sunsets, epistle",2309,7
490,ENCHANT,enchant,"empress, newness, curable, hideout, anagram, nomadic, tilting",18291,7
491,MINIMUM,minimum,"midwife, impound, nitrate, insular, marries, ugliest, mermaid",3660,7
493,IMPULSE,impulse,"impious, mislead, peridot, ugliest, lampoon, subzero, empress",4739,7
495,OPTIMAL,optimal,"orlando, puritan, trudeau, impeded, manatee, affront, looting",7110,7
496,RECOVER,recover,"retrace, equator, cadence, onetime, varsity, eyeless, replete",2144,7
497,MONARCH,monarch,"misused, outback, nodding, amnesia, rectify, crooked, heinous",8806,7
498,RESERVE,reserve,"ramming, expanse, subzero, excused, roaster, vertigo, equated",3768,7
499,STAINED,stained,"sunsets, turnkey, aqueous, incited, nodding, excites, devious",9914,7
500,RECLAIM,reclaim,"racists, expanse, comcast, luckier, atheism, incense, merrier",7576,7
501,FASTEST,fastest,"fluency, atheism, shrinks, trashed, earthen, scrappy, tilting",6859,7
502,LEATHER,leather,"likable, ennoble, affront, torched, hemlock, excused, reentry",2960,7
503,TEACHER,teacher,"twister, excused, aqueous, couched, howling, extrude, reissue",371,7
504,REALTOR,realtor,"raisins, equinox, avenger, looters, throngs, origami, rotting",19866,7
505,PARTIAL,partial,"pinning, archaic, reentry, trample, ignoble, airhead, looters",4588,7
506,ROMANCE,romance,"reentry, orchids, moaning, acutely, nomadic, cohabit, esquire",4047,7
507,REALTOR,realtor,"rectify, evading, archery, layover, terrify, oratory, regalia",19866,7
508,DECLINE,decline,"dueling, emblems, chopper, leaping, impeded, nitrate, emerald",2010,7
509,UNCOVER,uncover,"unquote, nodding, coining, outback, vertigo, excused, refuges",4472,7
510,ETHICAL,ethical,"erasing, thrifty, heaving, invader, crooked, audited, livable",3477,7
511,COLLECT,collect,"chanted, odyssey, likable, legions, excised, calgary, trooper",1322,7
512,OPTIMUM,optimum,"oblique, pinning, torsion, impeded, manmade, unspent, marbled",11302,7
513,UNCOVER,uncover,"ugliest, negated, chevron, octopus, vertigo, eyeless, rooster",4472,7
514,REVERSE,reverse,"ramming, erasing, vertigo, estrada, replete, steamed, erasing",3521,7
515,COMPACT,compact,"coining, opulent, marbled, pelagic, affable, cupcake, typhoon",6286,7
516,SHATTER,shatter,"spyware, haughty, acreage, trundle, theresa, excites, retrace",5515,7
517,CLUSTER,cluster,"curable, leaping, ugliest, strayed, turkish, envious, repress",3221,7
518,DISTORT,distort,"dweller, ignoble, stooped, trudeau, orifice, remnant, twister",6717,7
519,DISTORT,distort,"dearest, invades, sinners, turkish, october, robocop, trundle",6717,7
520,PRUDENT,prudent,"palazzo, refocus, upstart, dweller, excites, negated, tequila",8998,7
521,CARRIER,carrier,"catfish, affixed, reissue, repress, invades, echelon, rebecca",3292,7
522,ANOTHER,another,"amorous, nodding, outback, thrifty, hawkish, emblems, rooster",145,7
523,ROUTINE,routine,"robbing, overuse, upstate, trashed, infidel, nascent, evading",2601,7
525,SHATTER,shatter,"somalia, heinous, acetone, throngs, terrify, enabler, relapse",5515,7
527,RESTART,restart,"requiem, erasing, strayed, terrify, arbiter, reentry, turkish",13427,7
528,RETREAT,retreat,"robbing, estrada, trashed, refocus, extrude, arbiter, termite",4832,7
529,DISCARD,discard,"duopoly, invader, surging, cloaked, abalone, requiem, drizzle",5476,7
530,RETREAT,retreat,"reentry, equinox, tenancy, reentry, ennoble, aladdin, trinity",4832,7
531,MEASURE,measure,"moaning, expunge, airless, surmise, unspent, replete, eyesore",942,7
532,CLIMATE,climate,"chipped, leashed, impious, marquee, abscond, termite, estrada",2115,7
533,CHILLED,chilled,"cobwebs, hangout, invades, looting, likable, emblems, dracula",12264,7
534,MINIMUM,minimum,"mislead, impasse, nitrate, ignoble, marries, unspent, maestro",3660,7
535,ROMANCE,romance,"repress, orchids, moaning, affixed, newness, capella, endgame",4047,7
536,DECLINE,decline,"devalue, echelon, conning, layover, incense, nodding, excites",2010,7
537,ANOTHER,another,"alaskan, negated, orchids, torched, heaping, expanse, rooster",145,7
538,PROCEED,proceed,"prepped, royally, orchard, cohabit, enclose, echelon, drizzle",2713,7
539,CREATOR,creator,"copilot, rectify, endgame, appease, turnkey, orifice, revolve",5138,7
540,CONSOLE,console,"calgary, overuse, negated, sinners, opulent, lockout, evicted",9354,7
541,RADICAL,radical,"rooster, affront, devious, impound, crybaby, aqueous, leashed",2946,7
542,OPTIMUM,optimum,"outback, prequel, termite, insular, marbled, ugliest, moaning",11302,7
543,INSTANT,instant,"insular, nodding, surfeit, thrifty, annular, nomadic, torched",4493,7
544,STAINED,stained,"steamed, taunted, airless, impious, nonstop, emblems, dracula",9914,7
545,ARMORED,armored,"abscond, rubicon, memphis, orchard, realist, excised, drifter",8385,7
546,TRAPPED,trapped,"thrifty, robbing, aimless, perched, paragon, erasing, dracula",16941,7
547,TOASTER,toaster,"tilting, orchard, atheism, spyware, tribune, ennoble, reaping",15535,7
548,ERRATIC,erratic,"entitle, restful, rooster, avenger, trashed, impasse, clinton",10898,7
549,COVERED,covered,"cadence, origami, vertigo, elation, robbers, extrude, drifter",9415,7
550,DISTORT,distort,"deposed, incense, sermons, twister, origami, requiem, tequila",6717,7
551,ETHICAL,ethical,"endgame, terrify, holdout, impeded, cobwebs, abalone, liberte",3477,7
552,RADICAL,radical,"regroup, animism, duopoly, impound, comical, audited, leashed",2946,7
553,CORRECT,correct,"cracker, outback, remakes, remnant, excites, comical, trashed",1804,7
554,CURTAIL,curtail,"cranium, utopian, reaping, turnkey, alabama, impound, leakers",9229,7
555,SCATTER,scatter,"scruple, conning, anagram, taunted, tequila, envious, retinal",3783,7
556,LEATHER,leather,"lenient, envious, acreage, tempest, hawkish, emerald, retrain",2960,7
557,REDRESS,redress,"raisins, echelon, deposed, robocop, excites, splurge, somalia",19979,7
558,RESERVE,reserve,"retrain, earthen, subzero, endgame, replete, vertigo, exalted",3768,7
559,CHEATER,cheater,"cranked, harpoon, erasing, abscond, thrills, emblems, repress",19010,7
560,SERIOUS,serious,"somalia, expunge, regroup, impetus, oblique, ugliest, subvert",755,7
561,FICTION,fiction,"freeman, incited, capsize, tilting, impound, orifice, nascent",2779,7
562,REVERSE,reverse,"redwood, evading, voiding, excites, redwood, spyware, entitle",3521,7
564,CERTAIN,certain,"cadmium, eyesore, rummage, trundle, affixed, infidel, newness",577,7
565,RECLAIM,reclaim,"realist, excused, cheater, lacquer, atheism, impetus, manatee",7576,7
567,MEDICAL,medical,"moaning, elation, dueling, impeded, chipped, airhead, looting",646,7
568,TOASTER,toaster,"trundle, odyssey, abscond, splurge, throngs, excised, roaster",15535,7
569,RESOLVE,resolve,"rummage, evading, subzero, orchids, lasagna, voiding, edifice",2256,7
570,CONSOLE,console,"curbing, onshore, nitrate, saddest, oratory, lapsing, equinox",9354,7
571,SECONDS,seconds,"sunburn, excused, cheater, outlast, nodding, deposed, schwarz",23546,7
572,RESPECT,respect,"rotting, echelon, somalia, pirated, expanse, clotted, thumper",1559,7
573,REALISM,realism,"redwood, entitle, avenger, legible, impasse, scrappy, manhunt",7289,7
574,SCANNER,scanner,"skyward, crumble, annular, nitrate, nodding, echelon, replete",8335,7
575,OPERATE,operate,"onetime, palazzo, enclose, rebecca, aqueous, throngs, envious",1313,7
576,ANOTHER,another,"affront, nonstop, overuse, theresa, hoarded, excites, reissue",145,7
577,RESTART,restart,"respite, enclose, synapse, truffle, aladdin, redress, throngs",13427,7
578,DEPOSIT,deposit,"dragnet, exalted, parades, odyssey, subvert, invades, typhoon",4736,7
579,ATHLETE,athlete,"avenger, torsion, heretic, latinos, estrada, trinity, emblems",1605,7
580,STARTER,starter,"surmise, trident, anarchy, redwood, trashed, endgame, retrace",3983,7
581,RESTORE,restore,"relapse, enclose, synapse, trudeau, origami, regalia, endgame",2559,7
583,TEACHER,teacher,"taunted, edifice, annular, cranked, heroism, evoking, remakes",371,7
585,LITERAL,literal,"looting, incited, turnkey, enabler, rubicon, asunder, lampoon",7842,7
586,DRILLED,drilled,"drifter, regroup, incited, looting, lenient, endgame, dracula",49895,7
587,TRAPPER,trapper,"turkeys, rooster, agonize, penance, policed, estrada, reddish",16509,7
588,ANOTHER,another,"abiding, nodding, opulent, trooper, hoarded, endgame, reprise",145,7
589,UNCOVER,uncover,"unspent, nonstop, cadmium, oblique, voiding, emblems, roaster",4472,7
590,REALISM,realism,"restful, evicted, anarchy, loathed, impeded, sunburn, midwife",7289,7
591,CORRECT,correct,"curable, onetime, redness, remnant, earthen, clinton, trudeau",1804,7
592,TRAINER,trainer,"trudeau, rigging, animism, impeded, newness, esquire, retrain",4498,7
593,CONFESS,confess,"chevron, outback, nomadic, ferrous, entitle, splurge, surfeit",3981,7
594,THEATER,theater,"teeming, harpoon, emerald, archery, termite, enabler, reprise",1540,7
595,PROTEST,protest,"puritan, roaster, outcast, termite, excused, subzero, teeming",2852,7
596,ROMANCE,romance,"respite, oratory, maestro, ageless, nomadic, cranked, excites",4047,7
597,CONFIRM,confirm,"capitol, overuse, nonstop, fluency, impeded, redwood, marquee",1861,7
598,DRILLED,drilled,"dweller, racists, impious, lexicon, likable, excites, dueling",49895,7
600,COMPILE,compile,"clinton, outlast, maestro, pigskin, impious, lamprey, emblems",5347,7
601,CORRECT,correct,"conning, outcast, ramming, rosebud, ennoble, cowards, trident",1804,7
602,REDRESS,redress,"rooster, edifice, drizzle, regroup, erasing, subzero, spyware",19979,7
603,STEALTH,stealth,"steamed, teeming, enabler, airhead, leaping, tempest, heather",12829,7
604,INTENSE,intense,"incited, nomadic, thrifty, ennoble, nodding, subzero, edifice",2309,7
605,RESTART,restart,"rubicon, enabler, surmise, truffle, aqueous, retrace, trample",13427,7
607,ROMANCE,romance,"refocus, onshore, moaning, aplenty, nomadic, cohabit, evoking",4047,7
608,CURIOUS,curious,"crumble, upstart, retrace, incited, october, upstart, sayings",3131,7
609,SPECIES,species,"shrinks, puritan, earthen, chopper, insular, equated, subvert",1142,7
610,CONSENT,consent,"cobwebs, oratory, negated, sunsets, emblems, newness, typhoon",4430,7
611,CONFIRM,confirm,"cabaret, orchard, nonstop, finicky, impound, racists, maestro",1861,7
612,MONSTER,monster,"moaning, oblique, nitrate, synapse, tabling, envious, rooster",3591,7
614,ATHLETE,athlete,"abalone, twinkle, hapless, lagging, entitle, turkish, erasing",1605,7
615,REDRESS,redress,"repress, evoking, devalue, repress, equated, strayed, savaged",19979,7
616,TRAINER,trainer,"tidbits, reprise, animism, infidel, nascent, excites, repress",4498,7
617,PASSION,passion,"purists, amnesia, schwarz, subtext, impeded, onetime, nitrate",2297,7
618,DECLINE,decline,"dueling, extrude, capitol, looting, incited, newness, empress",2010,7
619,SURPLUS,surplus,"schwarz, untruth, riotous, pinball, labored, unbound, sunsets",6326,7
621,CONCEPT,concept,"cabaret, orlando, negated, calgary, equinox, panther, trundle",1159,7
623,CHILLED,chilled,"carping, haughty, infidel, lovable, lamprey, extrude, dragnet",12264,7
624,DELIVER,deliver,"deposed, ennoble, loathed, incense, voiding, evoking, regalia",1292,7
626,ATTRACT,attract,"aplenty, trashed, tempest, roaster, ascetic, cloaked, trudeau",1877,7
628,EPISODE,episode,"endgame, purging, invader, surfeit, orchids, drizzle, edifice",2863,7
629,TRAPPER,trapper,"tenured, redress, aqueous, pelican, pitfall, esquire, regency",16509,7
630,DEFENSE,defense,"duopoly, excites, faceted, expanse, nodding, subzero, evicted",657,7
631,OUTPOST,outpost,"october, untruth, termite, prelude, outback, saddest, tonnage",9411,7
633,MATCHUP,matchup,"moniker, affable, tidbits, coldest, heinous, ugliest, prequel",12013,7
635,DELETED,deleted,"drizzle, excised, loaning, entitle, typhoon, expunge, devious",29897,7
636,MINERAL,mineral,"macrame, incense, newness, expunge, rigging, acetone, looting",4627,7
637,MONSTER,monster,"midwife, october, nonstop, subvert, tidbits, enclose, reaping",3591,7
638,PROTECT,protect,"paladin, roaster, onshore, turkish, endgame, cowards, truffle",749,7
639,SECONDS,seconds,"shrinks, evading, curbing, onshore, nodding, devalue, spyware",23546,7
641,COMPACT,compact,"cowboys, opulent, marquis, pipette, appease, curbing, terrify",6286,7
642,PARTNER,partner,"palazzo, arizona, robocop, trundle, nascent, enclose, riotous",1049,7
643,PALETTE,palette,"prequel, alaskan, lenient, expunge, tidbits, tenable, equated",7506,7
644,TRAPPER,trapper,"tabling, reviled, anagram, pelican, pinball, excites, roaster",16509,7
645,ROUTINE,routine,"retread, outlast, unquote, trashed, impound, nascent, exalted",2601,7
646,TEACHER,teacher,"turkish, excused, awfully, comcast, haywire, earthen, remakes",371,7
647,OFFENSE,offense,"odyssey, finnish, ferrous, excised, nodding, scruffy, envious",2845,7
648,ATHLETE,athlete,"anarchy, turkish, haughty, lovable, ennoble, trashed, esquire",1605,7
649,OUTCOME,outcome,"outcast, unspent, trample, cutback, origami, misfire, exalted",1756,7
650,PRUDENT,prudent,"payback, regroup, unquote, devalue, earthen, nonstop, tickled",8998,7
651,RESTART,restart,"refuges, evicted, savaged, termite, abiding, regroup, trident",13427,7
652,DEFENSE,defense,"devious, evoking, finicky, excites, nonstop, savaged, enclose",657,7
653,OPTICAL,optical,"oblique, peridot, twister, impious, curried, ageless, layover",5560,7
655,RESTART,restart,"restful, evoking, schwarz, trample, appease, rooster, tickled",13427,7
657,INSIDER,insider,"infidel, nonstop, scruffy, impetus, dracula, enclose, reaping",5394,7
659,ERRATIC,erratic,"erasing, regroup, robbing, alabama, tabling, ignoble, chateau",10898,7
660,FASTEST,fastest,"funnier, aladdin, skyward, truffle, equated, sunburn, torsion",6859,7
661,REALISM,realism,"remakes, evicted, asunder, lovable, invader, spyware, monsoon",7289,7
662,DISCORD,discord,"devious, incense, stooped, cohabit, opulent, rubicon, drifter",15305,7
664,ANOTHER,another,"arbiter, nitrate, outlast, terrify, hogwash, earthen, refocus",145,7
665,DECLINE,decline,"dweller, exalted, crybaby, legions, incense, negated, emblems",2010,7
666,RADICAL,radical,"reaping, acreage, deposed, infidel, couched, affixed, looters",2946,7
667,RESPOND,respond,"repress, endgame, salting, prequel, outlast, negated, dueling",921,7
668,NONSTOP,nonstop,"nodding, outlast, nodding, surfeit, tabloid, oblique, panicky",13675,7
669,REVERSE,reverse,"reviled, eyeless, voiding, estrada, respite, sermons, elation",3521,7
670,DISPUTE,dispute,"drizzle, infidel, sayings, parquet, ugliest, tilting, envious",2721,7
671,ORDERED,ordered,"opulent, rummage, duopoly, earthen, raisins, envious, deposed",17044,7
672,DELIVER,deliver,"deposed, excised, labored, invades, vertigo, ennoble, remnant",1292,7
673,FACTUAL,factual,"floater, alabama, cacique, trident, unbound, appease, lockout",9158,7
674,TRAINER,trainer,"truffle, rebecca, atheism, invades, nonstop, excised, redness",4498,7
675,ARCHIVE,archive,"annuity, redwood, cobwebs, hoarded, invader, vertigo, equated",6608,7
677,APPLIED,applied,"aimless, panache, prequel, legions, impeded, excused, dracula",6546,7
678,OUTPOST,outpost,"oratory, unspent, trample, panache, origami, sinners, teeming",9411,7
679,CHILLED,chilled,"capella, haywire, impious, legions, liquors, eyesore, dweller",12264,7
680,PATIENT,patient,"pirated, acetone, trident, ignoble, enclose, nomadic, torched",572,7
681,REALISM,realism,"roaster, eyesore, arbiter, leakers, ignoble, surfeit, marbled",7289,7
686,STOPPED,stopped,"sunsets, truffle, october, penance, panther, estrada, drizzle",20580,7
687,ATHLETE,athlete,"abscond, tickled, hogwash, leakers, edifice, tickled, esquire",1605,7
688,CREATOR,creator,"cohabit, rosebud, epistle, acutely, theresa, onetime, replete",5138,7
689,CREATOR,creator,"cougars, raisins, esquire, aladdin, turnkey, orchids, rebecca",5138,7
690,RECLAIM,reclaim,"reissue, enabler, cleaver, leakers, acreage, incited, marquis",7576,7
691,CLICKER,clicker,"cracker, leaping, impasse, colgate, knuckle, expanse, rebecca",29271,7
692,NEAREST,nearest,"newness, exalted, asunder, refuges, endgame, sunburn, teeming",5815,7
693,SKILLED,skilled,"subtext, knuckle, impious, leakers, leftism, excites, dracula",4951,7
694,STAINED,stained,"sunsets, trident, appease, incense, negated, entitle, duopoly",9914,7
695,SCRATCH,scratch,"strayed, cougars, reentry, anagram, twister, capella, heaping",4688,7
696,ATTRACT,attract,"avenger, tenured, turkeys, reentry, appease, cacique, tempest",1877,7
697,PERSONA,persona,"purists, equator, respite, salient, orifice, nomadic, anarchy",7655,7
698,RADICAL,radical,"reissue, archaic, dragnet, impious, crumble, ageless, lampoon",2946,7
699,SPECIES,species,"scruple, precept, emblems, chateau, infidel, evading, scruple",1142,7
700,DEPOSIT,deposit,"drifter, excites, pinched, outcast, sayings, infidel, trample",4736,7
702,HOSTILE,hostile,"heaving, orchids, surmise, tequila, impetus, lenient, expanse",4196,7
703,ARMORED,armored,"annuity, robocop, miranda, orchids, rubicon, empress, duopoly",8385,7
704,FUNERAL,funeral,"fulsome, unspent, nascent, evoking, rummage, airhead, leakers",2902,7
705,COVERED,covered,"cutback, outcast, vertigo, excused, reissue, extrude, drifter",9415,7
707,INSIDER,insider,"impious, nomadic, sayings, impeded, dweller, ennoble, refocus",5394,7
709,HERSELF,herself,"heather, excised, regency, steamed, entitle, lockout, freemen",792,7
710,REFLECT,reflect,"retread, equated, funnier, lifters, enclose, coining, trinity",1005,7
711,HOSTILE,hostile,"hoarded, orchids, somalia, trample, infidel, liturgy, evading",4196,7
712,TRAPPER,trapper,"tabling, replete, aladdin, pelagic, pinball, elation, retrace",16509,7
713,CORRECT,correct,"cutback, overuse, rubicon, retrace, excites, cadence, truffle",1804,7
714,FASTEST,fastest,"finicky, affixed, scruffy, trundle, equinox, skyward, tilting",6859,7
715,PATTERN,pattern,"prepped, audited, termite, trudeau, eyesore, replete, nonstop",1018,7
717,TOASTER,toaster,"taunted, orchids, attuned, savaged, tickled, esquire, rebecca",15535,7
718,CONFIDE,confide,"curtail, onshore, negated, floater, infidel, devious, epistle",8071,7
719,CONCEPT,concept,"cougars, orifice, nitrate, cougars, evicted, petting, torched",1159,7
720,MINIMAL,minimal,"moaning, invader, nascent, invader, maestro, alabama, leaping",4351,7
722,HERSELF,herself,"haughty, expanse, redress, splurge, entitle, lockout, finnish",792,7
723,COUNTER,counter,"cadaver, orchard, ugliest, nonstop, tilting, equated, rooster",2847,7
724,SECONDS,seconds,"steamed, eyesore, comcast, outback, nonstop, drifter, saddest",23546,7
726,RECLAIM,reclaim,"rooster, eyeless, calvary, lacquer, amorous, impeded, manhood",7576,7
727,TRAPPER,trapper,"throngs, robbing, agonize, purists, pinched, erasing, robbers",16509,7
728,ARRIVAL,arrival,"acetone, remnant, reviled, infidel, varsity, ageless, looters",3215,7
730,CREATOR,creator,"crumble, remakes, enclose, audited, torsion, onshore, robbers",5138,7
731,STARTER,starter,"surmise, terrify, affixed, replete, throngs, envious, robbing",3983,7
733,ENCHANT,enchant,"expunge, negated, comcast, harpoon, ageless, newness, tribune",18291,7
734,CHEATER,cheater,"citadel, harpoon, excused, aqueous, tenable, evicted, ranting",19010,7
735,CERTAIN,certain,"calvary, empress, robocop, thrills, ageless, incense, nitrate",577,7
736,RECLAIM,reclaim,"revolve, erasing, cleaver, lagging, annular, impetus, mermaid",7576,7
737,CONDUCT,conduct,"chipped, onshore, negated, dearest, unbound, carping, trident",1163,7
738,OPTIMAL,optimal,"opulent, precept, twinkle, impound, maestro, airhead, lenient",7110,7
739,PRINTED,printed,"panacea, rummage, incense, newness, tilting, eyeless, dweller",7234,7
740,OPTIMAL,optimal,"orchard, panther, trudeau, invades, milking, aimless, lovable",7110,7
741,REFLECT,reflect,"reissue, evicted, ferrous, loaning, emblems, cacique, throngs",1005,7
742,OFFENSE,offense,"onetime, freeman, figment, emblems, nonstop, samurai, excites",2845,7
743,CONSULT,consult,"crumble, oratory, nascent, stooped, unbound, latinos, twister",3617,7
746,STEALTH,stealth,"surmise, trundle, expanse, affront, legible, tenable, hoarded",12829,7
748,DISTORT,distort,"dueling, incense, scruffy, terrify, outback, rotting, tidbits",6717,7
749,ANOTHER,another,"asunder, nodding, overuse, trashed, hapless, evicted, raisins",145,7
750,COLLECT,collect,"cohabit, orchids, lenient, lamprey, endgame, copilot, tabloid",1322,7
751,COMPASS,compass,"copious, overuse, manmade, policed, airhead, sermons, saddest",8103,7
752,HERSELF,herself,"howling, eyeless, redress, sunsets, estrada, lacquer, fatuous",792,7
753,PROTEST,protest,"panache, regency, onetime, twister, excites, strayed, thumper",2852,7
754,DEFENSE,defense,"dearest, enclose, funnier, extrude, nascent, somalia, envious",657,7
755,NUMERIC,numeric,"newness, unspent, maestro, earthen, reviled, ignoble, cracker",23328,7
756,CORRECT,correct,"curable, outback, roaster, replete, echelon, cowlick, trinity",1804,7
757,STOPPED,stopped,"salting, tenancy, orchard, parquet, preteen, entitle, dragnet",20580,7
758,ORDERED,ordered,"outlast, rubicon, dracula, emblems, rectify, erasing, drifter",17044,7
759,CHILLED,chilled,"chipped, hillary, invades, loathed, lagging, endgame, deposed",12264,7
760,RESPOND,respond,"reissue, evicted, synapse, potable, opulent, newness, deposed",921,7
761,CENTRAL,central,"coexist, excised, nomadic, thumper, royally, acetone, looters",743,7
762,STOPPED,stopped,"saddest, trinity, orchard, paragon, potable, exalted, drizzle",20580,7
763,TRAPPER,trapper,"twinkle, remakes, animism, prelude, parquet, enclose, reddish",16509,7
764,INTENSE,intense,"insular, nonstop, trample, eyeless, nascent, sayings, empress",2309,7
765,STEALTH,stealth,"splurge, turkish, emerald, airless, labored, trident, harpoon",12829,7
767,MATCHUP,matchup,"merited, anagram, tilting, chanted, heaving, unspent, purists",12013,7
768,MODULAR,modular,"macrame, orlando, dragnet, untruth, liturgy, aimless, roaster",15117,7
769,PARTNER,partner,"potable, annuity, rubicon, trundle, nodding, enabler, replete",1049,7
770,TEACHER,teacher,"truffle, evoking, aqueous, cheater, hangout, erasing, regalia",371,7
771,CORRECT,correct,"chipped, overuse, reentry, rotting, estrada, crybaby, torched",1804,7
772,INTENSE,intense,"impound, nodding, torsion, endgame, nascent, somalia, emblems",2309,7
773,RESPOND,respond,"retinal, exalted, stooped, policed, outcast, negated, dweller",921,7
776,PERFORM,perform,"paladin, exalted, replete, finnish, onetime, repress, maestro",954,7
777,USELESS,useless,"unspent, samurai, evading, lockout, excites, subtext, surfeit",5727,7
778,DISMISS,dismiss,"dearest, impeded, strayed, morocco, incense, subvert, strayed",2819,7
779,ARCHIVE,archive,"affable, robbers, cadaver, hoarded, impound, vertigo, excites",6608,7
780,ANCIENT,ancient,"abiding, nonstop, chanted, incited, elation, nonstop, trundle",1827,7
781,RESERVE,reserve,"reentry, emerald, sunburn, excites, respite, vertigo, envious",3768,7
782,PATTERN,pattern,"puritan, archaic, trashed, twinkle, equated, rosebud, negated",1018,7
783,SHATTER,shatter,"subtext, heinous, affront, tenable, thrifty, evading, replete",5515,7
784,ENDLESS,endless,"empress, nodding, devious, layover, elation, surfeit, salient",3750,7
785,TRAINER,trainer,"tempest, realist, atheism, impeded, nitrate, ennoble, robbing",4498,7
786,SNAPPED,snapped,"synapse, nascent, atheism, potable, policed, emerald, deposed",46794,7
787,CONSOLE,console,"coldest, overuse, nascent, spyware, october, livable, excites",9354,7
788,REALTOR,realtor,"retinal, excites, annular, lovable, tabling, orchard, requiem",19866,7
790,MINIMAL,minimal,"moaning, insular, negated, infidel, manhood, avenger, legions",4351,7
791,TEACHER,teacher,"thrifty, ennoble, airless, comcast, hillary, elation, retrace",371,7
792,RESTART,restart,"replete, exalted, sunburn, thrifty, audited, robbing, truffle",13427,7
793,CENTRAL,central,"crybaby, enabler, nomadic, tabling, respite, audited, layover",743,7
794,PREVENT,prevent,"pitiful, respite, endgame, voiding, equinox, negated, tilting",1084,7
795,ATTRACT,attract,"aquifer, theresa, tenured, rigging, airless, cacique, teeming",1877,7
796,STOPPED,stopped,"sunburn, turnkey, october, panache, panache, ennoble, devious",20580,7
797,ETHICAL,ethical,"equinox, tabling, hogwash, incited, chopper, arbiter, lawless",3477,7
798,IMPULSE,impulse,"insular, morocco, pipette, unspent, limping, strayed, esquire",4739,7
799,CHEATER,cheater,"cabaret, hogwash, elation, agonize, thrills, evading, reentry",19010,7
800,RECOVER,recover,"rummage, equinox, cowgirl, octopus, varsity, echelon, reissue",2144,7
801,PASSIVE,passive,"pelican, ascetic, savaged, scruple, impound, vertigo, evading",5751,7
802,CARRIER,carrier,"crumble, abiding, redress, retrain, ignoble, endgame, ranting",3292,7
803,ANOTHER,another,"anarchy, nascent, october, trinity, howling, evicted, roaster",145,7
804,CLIMATE,climate,"cutback, lunging, invades, moniker, asunder, trooper, equinox",2115,7
806,SCANNER,scanner,"savaged, capella, ascetic, nodding, newness, envious, realist",8335,7
807,DELIVER,deliver,"dearest, echelon, liquors, impetus, varsity, eyesore, rebecca",1292,7
808,REVERSE,reverse,"rooster, evading, voiding, enabler, rummage, salient, enabler",3521,7
809,CHILLED,chilled,"chanted, hillary, impious, looters, liturgy, elation, devalue",12264,7
811,RESPOND,respond,"racists, edifice, shrinks, pelican, outback, nonstop, dweller",921,7
812,REFLECT,reflect,"regalia, earthen, finnish, labored, enabler, couched, twister",1005,7
813,DISPUTE,dispute,"dueling, impious, steamed, pelagic, utopian, turnkey, emerald",2721,7
814,TRAPPER,trapper,"trundle, regroup, ageless, paragon, potable, earthen, rigging",16509,7
815,PROTEST,protest,"pigskin, riotous, odyssey, trooper, endgame, scruffy, turkish",2852,7
816,DESSERT,dessert,"deposed, excites, steamed, synapse, earthen, riskier, teeming",4306,7
817,CONCERT,concert,"crumble, origami, nascent, cadence, esquire, retread, twister",2531,7
819,RECOVER,recover,"rotting, excites, cougars, onshore, vertigo, enclose, reaping",2144,7
820,OUTSIDE,outside,"onetime, upstart, trident, scrappy, impasse, deposed, eyesore",810,7
821,FOREVER,forever,"faceted, overuse, remakes, envious, varsity, expunge, redness",2093,7
822,DELIVER,deliver,"dearest, expanse, leashed, invades, varsity, ennoble, reissue",1292,7
823,STARTER,starter,"skyward, torsion, attuned, retrace, tribune, evicted, replete",3983,7
824,PARTIAL,partial,"parquet, audited, regroup, twister, incited, annular, leaping",4588,7
825,ROUTINE,routine,"retrain, onetime, unspent, trudeau, insular, nitrate, evading",2601,7
826,REVIVAL,revival,"retread, evicted, varsity, infidel, vertigo, anagram, legions",5477,7
827,FUNERAL,funeral,"fulsome, untruth, negated, excused, remakes, alimony, looting",2902,7
828,CLASSIC,classic,"capitol, livable, annuity, scruffy, skyward, impeded, cranked",2632,7
829,PARTIAL,partial,"prepped, affixed, restful, tenured, incense, acetone, lovable",4588,7
830,OUTPOST,outpost,"orlando, unbound, tequila, parquet, orlando, sinners, trundle",9411,7
831,UNCOVER,uncover,"upstate, nascent, citadel, overuse, voiding, excused, retrace",4472,7
832,CONCERT,concert,"clinton, outlast, nitrate, cadence, evading, realist, truffle",2531,7
833,DEPOSIT,deposit,"drifter, ennoble, precept, odyssey, somalia, impasse, truffle",4736,7
834,TRIDENT,trident,"trample, raisins, invader, drizzle, extrude, nascent, tribune",38347,7
835,VISITOR,visitor,"vertigo, invader, spyware, impasse, trundle, orchids, robbing",1706,7
836,REFRESH,refresh,"rooster, enabler, fixable, racists, equinox, subvert, heroism",12722,7
837,PERFORM,perform,"palaces, excites, rooster, fluency, outcast, refocus, monsoon",954,7
838,DELETED,deleted,"drizzle, evicted, layover, eyesore, tenable, exalted, devious",29897,7
840,DEPOSIT,deposit,"deposed, echelon, padlock, overuse, strayed, impasse, taunted",4736,7
841,ROMANCE,romance,"regroup, orlando, misused, awfully, negated, chipped, excused",4047,7
842,RECLAIM,reclaim,"revolve, elation, cleaver, lexicon, animism, invader, moaning",7576,7
843,CONCORD,concord,"curried, onetime, nitrate, cobwebs, oblique, rummage, drifter",30240,7
844,ANOTHER,another,"arizona, nascent, october, theresa, heaving, emblems, riotous",145,7
845,ANCIENT,ancient,"avenger, nitrate, cadaver, impetus, epistle, nodding, taunted",1827,7
847,ARCHIVE,archive,"awfully, riotous, chalice, hooking, impeded, voiding, equated",6608,7
848,OPERATE,operate,"oratory, payback, equinox, refuges, acetone, taunted, evoking",1313,7
849,CORRECT,correct,"conning, outlast, regroup, redwood, enabler, conning, turkeys",1804,7
850,PROCEED,proceed,"panache, racists, onshore, curried, exalted, exalted, dweller",2713,7
851,RESTORE,restore,"redwood, evicted, savaged, trident, october, robbing, enclose",2559,7
852,CONFIRM,confirm,"carping, overuse, nodding, fluency, ignoble, refuges, matador",1861,7
853,TRIDENT,trident,"tabloid, robbing, invades, deposed, earthen, nomadic, twister",38347,7
854,CHEATER,cheater,"coining, haughty, epistle, airless, turkeys, evicted, robbing",19010,7
855,THEATER,theater,"turkish, hapless, evoking, annuity, throngs, extrude, rooster",1540,7
857,FASTEST,fastest,"ferrous, airhead, synapse, tenancy, echelon, savaged, twinkle",6859,7
858,ROUNDUP,roundup,"rummage, outback, utopian, newness, dracula, unbound, parquet",15463,7
859,TRAPPER,trapper,"thrifty, ramming, appease, parades, policed, excised, redress",16509,7
860,COLLECT,collect,"crooked, orchids, leakers, leaping, erasing, coining, trundle",1322,7
861,RESTART,restart,"retrace, evicted, salting, trident, ascetic, redness, twinkle",13427,7
862,TRAINER,trainer,"turkish, remnant, archery, infidel, nonstop, excused, rebecca",4498,7
863,OPTIMUM,optimum,"odyssey, prelude, tequila, impound, moaning, utopian, milking",11302,7
864,TRAPPED,trapped,"trashed, riveted, affixed, peridot, paladin, esquire, devious",16941,7
865,PROTECT,protect,"petting, requiem, oratory, tabling, excused, cobwebs, taunted",749,7
867,ARCHIVE,archive,"arizona, reviled, cobwebs, hoarded, insular, varsity, expanse",6608,7
868,RESPECT,respect,"roaster, empress, subtext, pitfall, excused, cracker, tribune",1559,7
869,OFFENSE,offense,"october, fulsome, foxhole, entitle, nonstop, steamed, ennoble",2845,7
872,NEAREST,nearest,"nascent, echelon, attuned, reprise, eyesore, subtext, trudeau",5815,7
874,INVADER,invader,"impound, nascent, vertigo, agonize, dearest, equated, reentry",10025,7
875,CORRECT,correct,"cranium, onshore, reaping, rooster, empress, chevron, twinkle",1804,7
876,TRAPPED,trapped,"trample, royally, acreage, pitfall, puritan, extrude, dueling",16941,7
877,PARTNER,partner,"parquet, amiable, rosebud, thumper, nascent, enabler, reprise",1049,7
878,DELIVER,deliver,"devalue, excised, looting, impeded, voiding, equinox, replete",1292,7
879,ERRATIC,erratic,"esquire, rigging, riotous, anarchy, theresa, invades, crumble",10898,7
880,NUMERIC,numeric,"newness, upstate, megaton, envious, replete, infidel, cracker",23328,7
882,STATION,station,"surging, thumper, animism, tenancy, impeded, orchids, nascent",842,7
883,SCANNER,scanner,"somalia, chipped, archery, nodding, newness, emblems, retrace",8335,7
884,CURTAIL,curtail,"cracker, ugliest, reaping, tonnage, asunder, ignoble, leaping",9229,7
885,TRAPPER,trapper,"twinkle, royally, archery, precept, pelican, entitle, roaster",16509,7
886,PRESSED,pressed,"palaces, robocop, equinox, shrinks, spyware, estrada, devious",20411,7
887,RADICAL,radical,"redness, archaic, deposed, incited, coexist, appease, lunging",2946,7
888,TRANSIT,transit,"trinity, rosebud, amnesia, nitrate, salient, infidel, trinity",4906,7
889,RECOVER,recover,"replete, extrude, crybaby, odyssey, voiding, earthen, repress",2144,7
890,CLICKER,clicker,"cohabit, layover, incense, coining, knuckle, earthen, retrace",29271,7
891,UNCOVER,uncover,"untruth, nascent, catfish, outcast, vertigo, elation, replete",4472,7
892,UNIFORM,uniform,"unquote, negated, impious, freemen, orchids, replete, maestro",3062,7
893,ROMANCE,romance,"replete, origami, maestro, acetone, newness, colgate, evicted",4047,7
894,CONSOLE,console,"coining, orchard, newness, salient, onshore, loaning, expanse",9354,7
895,DRESSED,dressed,"dueling, replete, exalted, schwarz, strayed, estrada, devalue",23711,7
896,CHEATER,cheater,"couched, holdout, exalted, attuned, trashed, equinox, rebecca",19010,7
897,CONCEPT,concept,"curbing, october, newness, catfish, eyeless, paladin, typhoon",1159,7
898,TRIDENT,trident,"tabloid, raisins, impetus, duopoly, eyesore, nitrate, twinkle",38347,7
899,PROTEST,protest,"pinched, redress, overuse, throngs, excites, sunsets, trashed",2852,7
900,SCATTER,scatter,"saddest, copilot, audited, trooper, tonnage, excused, realist",3783,7
901,UNCLEAR,unclear,"unquote, nodding, clotted, lacquer, epistle, amorous, robbers",5340,7
902,TEACHER,teacher,"tenured, excused, aimless, copious, herding, excites, reissue",371,7
903,ANCIENT,ancient,"airhead, newness, curable, infidel, entitle, nonstop, termite",1827,7
904,FOREVER,forever,"fatuous, orlando, reaping, exalted, voiding, excites, realist",2093,7
905,ATTRACT,attract,"alimony, trudeau, thrifty, robbing, abscond, chateau, termite",1877,7
906,THEATER,theater,"trashed, haughty, elation, audited, trinity, excised, rigging",1540,7
907,CONTEST,contest,"cobwebs, origami, nascent, teeming, empress, steamed, twister",3081,7
908,ATHLETE,athlete,"alaskan, turkish, hoarded, lacquer, edifice, thrifty, evicted",1605,7
909,COUNTER,counter,"crumble, outlast, untruth, nonstop, terrify, epistle, relapse",2847,7
911,CONFIRM,confirm,"copilot, octopus, negated, funnier, impetus, raisins, marilyn",1861,7
912,MINERAL,mineral,"manmade, ignoble, nodding, ennoble, robocop, alaskan, leaping",4627,7
913,RETREAT,retreat,"rooster, enabler, trashed, revolve, edifice, attuned, trashed",4832,7
914,REFLECT,reflect,"remnant, echelon, floater, liberte, equinox, cadence, trudeau",1005,7
915,PATIENT,patient,"pitfall, avenger, thumper, impasse, evoking, newness, trundle",572,7
916,TRANSIT,transit,"twister, retinal, ascetic, nascent, scruple, impound, trident",4906,7
917,RECLAIM,reclaim,"redwood, evoking, cranked, lifters, avenger, invades, marquee",7576,7
918,CORRECT,correct,"cowboys, odyssey, redness, rectify, excised, carping, theresa",1804,7
919,RESERVE,reserve,"redness, expunge, synapse, entitle, rubicon, voiding, enabler",3768,7
920,TRAPPED,trapped,"trooper, redness, agonize, pigskin, pigskin, empress, dracula",16941,7
921,USELESS,useless,"utopian, samurai, evading, latinos, equinox, synapse, sunsets",5727,7
922,DISPUTE,dispute,"dracula, ignoble, samurai, pitfall, unquote, tabloid, endgame",2721,7
923,CURTAIL,curtail,"cacique, upstate, refuges, trooper, appease, impound, leftism",9229,7
924,TEACHER,teacher,"truffle, echelon, affront, carping, hideout, endgame, reprise",371,7
925,LITERAL,literal,"likable, invades, trinity, evading, regalia, appease, likable",7842,7
926,REFLECT,reflect,"refuges, equator, faceted, lawless, exalted, crumble, trident",1005,7
927,CLIMATE,climate,"crybaby, luckier, insular, minibus, airless, trooper, edifice",2115,7
928,NONSTOP,nonstop,"nodding, odyssey, nascent, sermons, tabling, outback, preteen",13675,7
929,TOASTER,toaster,"tabling, oratory, alimony, salting, tempest, edifice, repress",15535,7
930,SCIENCE,science,"saddest, cranked, ignoble, envious, nodding, comical, envious",890,7
931,TRIDENT,trident,"thumper, regency, infidel, dueling, eyeless, negated, turnkey",38347,7
932,POPULAR,popular,"pelagic, origami, prepped, ugliest, looters, airhead, reviled",925,7
933,FOREVER,forever,"ferrous, outcast, riotous, enabler, voiding, excused, rooster",2093,7
934,TRAINER,trainer,"thrifty, rigging, airless, invades, newness, empress, riotous",4498,7
936,CORRECT,correct,"curable, oblique, rummage, ranting, eyeless, cacique, teeming",1804,7
937,SCANNER,scanner,"subtext, chalice, ascetic, nodding, nomadic, expunge, replete",8335,7
938,RESTORE,restore,"retinal, endgame, sayings, taunted, october, remakes, emblems",2559,7
939,CHEATED,cheated,"cobwebs, heather, equator, aqueous, tabloid, equinox, devious",23925,7
940,PARTIAL,partial,"parades, anarchy, riotous, thumper, infidel, abalone, lampoon",4588,7
941,SNAPPED,snapped,"sinners, nitrate, atheism, petting, prequel, extrude, devious",46794,7
942,UNIFORM,uniform,"untruth, negated, impetus, faceted, orchard, retread, midwife",3062,7
943,PALETTE,palette,"pinning, abigail, likable, evading, tabloid, tabloid, evoking",7506,7
946,ALTERED,altered,"affront, lockout, theresa, elation, rubicon, exalted, drizzle",10161,7
947,FUNERAL,funeral,"finnish, upstart, newness, ennoble, refuges, anarchy, looting",2902,7
948,STAINED,stained,"schwarz, tenancy, awfully, insular, nodding, elation, deposed",9914,7
949,ETHICAL,ethical,"elation, torsion, haywire, impeded, cadaver, annular, lenient",3477,7
950,HIPSTER,hipster,"heinous, ignoble, paragon, saddest, thrills, earthen, royally",21744,7
951,ARMORED,armored,"airless, regroup, manmade, onetime, royally, equated, devalue",8385,7
954,CORRECT,correct,"cranked, oratory, reprise, repress, excised, chipped, trashed",1804,7
955,CLUSTER,cluster,"cougars, looters, ugliest, spyware, tribune, enabler, retinal",3221,7
957,HIPSTER,hipster,"hideout, incense, panacea, subtext, turkish, excised, reviled",21744,7
958,HIPSTER,hipster,"heinous, impasse, potable, savaged, tabling, elation, retinal",21744,7
959,POPULAR,popular,"perched, octopus, pelagic, unquote, leftism, affront, reprise",925,7
960,PALETTE,palette,"panicky, aimless, labored, earthen, turnkey, tenancy, enclose",7506,7
962,STEALTH,stealth,"samurai, trundle, enabler, aimless, lasagna, tenured, haughty",12829,7
963,LEFTIST,leftist,"leaping, empress, fulsome, trundle, invader, sunburn, truffle",9293,7
964,TRAPPED,trapped,"tabloid, robbing, appease, peridot, panacea, evading, drifter",16941,7
965,STOPPED,stopped,"salient, tribune, outlast, parades, panache, emerald, dweller",20580,7
966,TRANSIT,transit,"tabling, restful, ageless, nomadic, scruffy, invader, tequila",4906,7
967,PARTIAL,partial,"pinning, archery, revolve, taunted, ignoble, awfully, loaning",4588,7
968,ANCIENT,ancient,"alaskan, nomadic, clotted, invader, epistle, newness, typhoon",1827,7
969,RESTORE,restore,"regroup, edifice, samurai, teeming, overuse, reentry, edifice",2559,7
970,CONTEST,contest,"cranked, outlast, nodding, thrifty, endgame, shrinks, twinkle",3081,7
971,UNCLEAR,unclear,"unbound, nonstop, chipped, layover, endgame, appease, reprise",5340,7
972,TEACHER,teacher,"tonnage, excused, acetone, chevron, harpoon, ennoble, robbing",371,7
973,RESTART,restart,"rotting, envious, samurai, trident, amiable, reissue, tonnage",13427,7
974,REVIVAL,revival,"reentry, ennoble, varsity, ignoble, vertigo, affront, leakers",5477,7
975,FASTEST,fastest,"finicky, agonize, splurge, thrifty, estrada, sinners, teeming",6859,7
976,ENCHANT,enchant,"ennoble, newness, clinton, heather, airless, nomadic, thrills",18291,7
977,ERRATIC,erratic,"exalted, realist, retrain, alimony, termite, impeded, cranium",10898,7
978,REDRESS,redress,"robocop, equator, deposed, rectify, earthen, sunsets, subtext",19979,7
979,PARTNER,partner,"paragon, asunder, remakes, trundle, nodding, esquire, refuges",1049,7
980,PARTIAL,partial,"penance, aquifer, riveted, teeming, incited, animism, lifters",4588,7
981,PROTEST,protest,"pitiful, refocus, origami, tenured, echelon, salting, trundle",2852,7
982,COMPACT,compact,"cutback, orchard, mermaid, panther, ageless, coldest, thumper",6286,7
983,TEACHER,teacher,"taunted, evading, archaic, cowboys, herding, emblems, retrace",371,7
984,MINERAL,mineral,"marries, impeded, nodding, equator, riotous, airhead, leashed",4627,7
985,DELIVER,deliver,"dueling, excused, leashed, invader, voiding, equator, restful",1292,7
986,AUCTION,auction,"aimless, untruth, copilot, trudeau, impeded, onshore, nodding",4676,7
987,LEATHER,leather,"labored, extrude, animism, trident, hemlock, eyeless, reissue",2960,7
989,ROUTINE,routine,"robbers, onshore, upstate, typhoon, infidel, nitrate, enabler",2601,7
990,ARMORED,armored,"abalone, retread, moaning, opulent, retrace, enclose, dueling",8385,7
991,INVADER,invader,"invader, nitrate, vertigo, aquifer, dragnet, entitle, repress",10025,7
992,UNIFIED,unified,"untruth, nomadic, impound, foxhole, infidel, enabler, drifter",7395,7
993,TRIDENT,trident,"tenable, retinal, invades, dragnet, excites, negated, tidbits",38347,7
994,SERIOUS,serious,"sunsets, excites, replete, impeded, orchard, untruth, subvert",755,7
995,ALTERED,altered,"ascetic, legible, tonnage, emerald, reaping, extrude, dracula",10161,7
996,LEFTIST,leftist,"loathed, exalted, funnier, trample, insular, synapse, tenured",9293,7
997,DESSERT,dessert,"drifter, esquire, scruple, sayings, extrude, ramming, thumper",4306,7
998,ARCHIVE,archive,"aimless, relapse, cobwebs, hoarded, impound, voiding, exalted",6608,7
999,NUMERIC,numeric,"newness, upstart, misused, equator, refuges, invader, curable",23328,7
